{"name":null,"assets":"aoy4:pathy26:assets%2Fdata%2Fcave1.jsony4:sizei44980y4:typey4:TEXTy2:idR1goR0y26:assets%2Fdata%2Fcave2.jsonR2i45013R3R4R5R6goR0y26:assets%2Fdata%2Fcave3.jsonR2i45024R3R4R5R7goR0y27:assets%2Fdata%2Fdesert.jsonR2i46656R3R4R5R8goR0y25:assets%2Fdata%2FLD50.ogmoR2i12456R3R4R5R9goR0y28:assets%2Fimages%2Faap-64.pngR2i355R3y5:IMAGER5R10goR0y29:assets%2Fimages%2Fbg.asepriteR2i9435R3y6:BINARYR5R12goR0y24:assets%2Fimages%2Fbg.pngR2i3983R3R11R5R14goR0y40:assets%2Fimages%2Ffavicons%2Ffavicon.svgR2i13561R3R4R5R15goR0y31:assets%2Fimages%2Flogo.asepriteR2i3922R3R13R5R16goR0y26:assets%2Fimages%2Flogo.pngR2i3251R3R11R5R17goR0y33:assets%2Fimages%2Fplayer.asepriteR2i14938R3R13R5R18goR0y28:assets%2Fimages%2Fplayer.pngR2i4029R3R11R5R19goR0y36:assets%2Fimages%2Fpond_hor_empty.pngR2i422R3R11R5R20goR0y37:assets%2Fimages%2Fpond_hor_filled.pngR2i279R3R11R5R21goR0y35:assets%2Fimages%2Fpond_hor_ice1.pngR2i331R3R11R5R22goR0y35:assets%2Fimages%2Fpond_hor_ice2.pngR2i453R3R11R5R23goR0y35:assets%2Fimages%2Fpond_hor_ice3.pngR2i321R3R11R5R24goR0y36:assets%2Fimages%2Fpond_ver_empty.pngR2i437R3R11R5R25goR0y37:assets%2Fimages%2Fpond_ver_filled.pngR2i264R3R11R5R26goR0y35:assets%2Fimages%2Fpond_ver_ice1.pngR2i327R3R11R5R27goR0y35:assets%2Fimages%2Fpond_ver_ice2.pngR2i467R3R11R5R28goR0y35:assets%2Fimages%2Fpond_ver_ice3.pngR2i297R3R11R5R29goR0y32:assets%2Fimages%2FsnowCastle.pngR2i873R3R11R5R30goR0y25:assets%2Fimages%2Fsun.pngR2i235R3R11R5R31goR0y34:assets%2Fimages%2Ftileset.asepriteR2i3054R3R13R5R32goR0y29:assets%2Fimages%2Ftileset.pngR2i5086R3R11R5R33goR0y27:assets%2Fimages%2Ftitle.pngR2i23168R3R11R5R34goR0y34:assets%2Fimages%2Ftrader1_icon.pngR2i169R3R11R5R35goR0y34:assets%2Fimages%2Ftrader2_icon.pngR2i167R3R11R5R36goR0y34:assets%2Fimages%2Ftrader3_icon.pngR2i184R3R11R5R37goR0y34:assets%2Fimages%2Ftrader4_icon.pngR2i190R3R11R5R38goR0y36:assets%2Fimages%2Ftrader_alucard.pngR2i392R3R11R5R39goR0y36:assets%2Fimages%2Ftrader_gintoki.pngR2i395R3R11R5R40goR0y33:assets%2Fimages%2Ftrader_jeff.pngR2i389R3R11R5R41goR0y34:assets%2Fimages%2Ftrader_umaru.pngR2i402R3R11R5R42goR0y50:assets%2Fmusic%2FWhimsical%20Town%20%28Loop%29.oggR2i1477029R3y5:MUSICR5R43goR2i5794R3y5:SOUNDy9:classNamey31:__ASSET__flixel_sounds_beep_oggR5y26:flixel%2Fsounds%2Fbeep.ogggoR2i33629R3R45R46y33:__ASSET__flixel_sounds_flixel_oggR5y28:flixel%2Fsounds%2Fflixel.ogggoR2i15744R3y4:FONTR46y35:__ASSET__flixel_fonts_nokiafc22_ttfR5y30:flixel%2Ffonts%2Fnokiafc22.ttfgoR2i29724R3R51R46y36:__ASSET__flixel_fonts_monsterrat_ttfR5y31:flixel%2Ffonts%2Fmonsterrat.ttfgoR2i519R3R11R46y36:__ASSET__flixel_images_ui_button_pngR5y33:flixel%2Fimages%2Fui%2Fbutton.pnggoR2i3280R3R11R46y39:__ASSET__flixel_images_logo_default_pngR5y36:flixel%2Fimages%2Flogo%2Fdefault.pnggh","rootPath":"../","version":2,"libraryArgs":[],"libraryType":null}